question,answer
What is a Large Language Model (LLM)?,A Large Language Model (LLM) is a type of artificial intelligence that uses deep learning techniques to understand and generate human-like text based on large datasets of text.
What are some common use cases of Large Language Models?,"Some common use cases of LLMs include language translation, text summarization, sentiment analysis, chatbots, and automated content generation."
What is LangChain?,LangChain is a framework designed to help developers build applications using language models. It provides tools for chaining multiple LLMs and external data sources.
How does LangChain improve working with LLMs?,"LangChain improves working with LLMs by allowing the integration of external tools, such as databases and APIs, and chaining models together to solve complex tasks."
What is the difference between GPT-3 and GPT-4?,"The main difference between GPT-3 and GPT-4 is that GPT-4 is a more advanced version with better accuracy, capabilities in understanding context, and handling more nuanced instructions."
How do LLMs understand and generate human language?,LLMs understand and generate human language by training on vast amounts of text data. They learn patterns in the text and use statistical methods to predict the next words or phrases.
What is the role of tokenization in LLMs?,"Tokenization is the process of splitting text into smaller units, called tokens, that the LLM can understand. It helps LLMs process and analyze language in chunks."
What is the RAG (Retrieval-Augmented Generation) technique?,"RAG (Retrieval-Augmented Generation) is a technique that combines LLMs with external document retrieval to improve the accuracy of responses, allowing the model to pull in real-time information from knowledge bases."
How do LLMs handle multi-turn conversations?,LLMs handle multi-turn conversations by maintaining context across multiple exchanges. They use context windows or memory to recall previous interactions and generate coherent responses.
What are the limitations of current Large Language Models?,"Current LLMs still face limitations, such as handling ambiguity, understanding very specific or niche topics, dealing with bias in training data, and generating incorrect or nonsensical answers."
What is RAG?,"Retrieval-Augmented Generation (RAG) is a technique that enhances the capabilities of Large Language Models (LLMs) by incorporating knowledge from external databases. This integration enables LLMs to generate more accurate and credible responses, particularly for knowledge-intensive tasks. RAG combines the strengths of LLMs and external knowledge sources, allowing for continuous knowledge updates and the incorporation of domain-specific information."
